sweep,iteration,magnetization,magnetization_per_site,abs_magnetization_per_site,energy_per_site,acceptance_rate
0,0,18,0.0703125000,0.0703125000,0.0156250000,0.0000000000
1,256,10,0.0390625000,0.0390625000,-0.7343750000,0.5546875000
2,512,12,0.0468750000,0.0468750000,-0.8906250000,0.3789062500
3,768,18,0.0703125000,0.0703125000,-1.0000000000,0.3007812500
4,1024,12,0.0468750000,0.0468750000,-1.0625000000,0.3398437500
5,1280,14,0.0546875000,0.0546875000,-0.9531250000,0.3398437500
6,1536,16,0.0625000000,0.0625000000,-1.0000000000,0.3789062500
7,1792,-8,-0.0312500000,0.0312500000,-1.1406250000,0.3203125000
8,2048,-10,-0.0390625000,0.0390625000,-1.2031250000,0.2773437500
9,2304,2,0.0078125000,0.0078125000,-1.3281250000,0.2500000000
10,2560,24,0.0937500000,0.0937500000,-1.2500000000,0.2617187500
11,2816,12,0.0468750000,0.0468750000,-1.1718750000,0.2343750000
12,3072,2,0.0078125000,0.0078125000,-1.2187500000,0.2773437500
13,3328,-14,-0.0546875000,0.0546875000,-1.1562500000,0.2812500000
14,3584,-26,-0.1015625000,0.1015625000,-1.1250000000,0.2421875000
15,3840,-18,-0.0703125000,0.0703125000,-1.2031250000,0.3359375000
16,4096,-8,-0.0312500000,0.0312500000,-1.1406250000,0.2539062500
17,4352,-8,-0.0312500000,0.0312500000,-1.1875000000,0.2656250000
18,4608,-20,-0.0781250000,0.0781250000,-1.1875000000,0.2187500000
19,4864,-20,-0.0781250000,0.0781250000,-1.1093750000,0.3359375000
20,5120,-20,-0.0781250000,0.0781250000,-1.2500000000,0.2812500000
21,5376,-16,-0.0625000000,0.0625000000,-1.2343750000,0.2500000000
22,5632,2,0.0078125000,0.0078125000,-1.2656250000,0.2773437500
23,5888,16,0.0625000000,0.0625000000,-1.2968750000,0.2304687500
24,6144,32,0.1250000000,0.1250000000,-1.0937500000,0.2734375000
25,6400,18,0.0703125000,0.0703125000,-1.1406250000,0.2695312500
26,6656,0,0.0000000000,0.0000000000,-1.2812500000,0.2851562500
27,6912,-8,-0.0312500000,0.0312500000,-1.2031250000,0.2968750000
28,7168,-22,-0.0859375000,0.0859375000,-1.1718750000,0.2929687500
29,7424,10,0.0390625000,0.0390625000,-1.2500000000,0.3359375000
30,7680,10,0.0390625000,0.0390625000,-1.1250000000,0.2265625000
31,7936,-4,-0.0156250000,0.0156250000,-1.2343750000,0.2617187500
32,8192,24,0.0937500000,0.0937500000,-1.3125000000,0.2187500000
33,8448,28,0.1093750000,0.1093750000,-1.1875000000,0.2656250000
34,8704,34,0.1328125000,0.1328125000,-1.1718750000,0.2695312500
35,8960,26,0.1015625000,0.1015625000,-1.2968750000,0.2734375000
36,9216,36,0.1406250000,0.1406250000,-1.4062500000,0.1835937500
37,9472,54,0.2109375000,0.2109375000,-1.3281250000,0.2304687500
38,9728,70,0.2734375000,0.2734375000,-1.3906250000,0.1953125000
39,9984,62,0.2421875000,0.2421875000,-1.3593750000,0.1796875000
40,10240,72,0.2812500000,0.2812500000,-1.3593750000,0.1757812500
41,10496,60,0.2343750000,0.2343750000,-1.2031250000,0.2109375000
42,10752,48,0.1875000000,0.1875000000,-1.2656250000,0.1953125000
43,11008,38,0.1484375000,0.1484375000,-1.2031250000,0.1757812500
44,11264,30,0.1171875000,0.1171875000,-1.3125000000,0.2343750000
45,11520,2,0.0078125000,0.0078125000,-1.2812500000,0.2812500000
46,11776,4,0.0156250000,0.0156250000,-1.4062500000,0.2226562500
47,12032,2,0.0078125000,0.0078125000,-1.4531250000,0.1835937500
48,12288,-20,-0.0781250000,0.0781250000,-1.4218750000,0.1992187500
49,12544,-30,-0.1171875000,0.1171875000,-1.3906250000,0.1679687500
50,12800,-6,-0.0234375000,0.0234375000,-1.4062500000,0.2187500000
51,13056,-16,-0.0625000000,0.0625000000,-1.4531250000,0.1914062500
52,13312,-4,-0.0156250000,0.0156250000,-1.3281250000,0.2031250000
53,13568,-2,-0.0078125000,0.0078125000,-1.2187500000,0.2382812500
54,13824,-18,-0.0703125000,0.0703125000,-1.3750000000,0.2187500000
55,14080,-10,-0.0390625000,0.0390625000,-1.3750000000,0.2421875000
56,14336,-14,-0.0546875000,0.0546875000,-1.3437500000,0.1875000000
57,14592,-14,-0.0546875000,0.0546875000,-1.4375000000,0.1875000000
58,14848,-26,-0.1015625000,0.1015625000,-1.4531250000,0.2187500000
59,15104,-32,-0.1250000000,0.1250000000,-1.4531250000,0.2148437500
60,15360,-20,-0.0781250000,0.0781250000,-1.4375000000,0.1875000000
61,15616,-20,-0.0781250000,0.0781250000,-1.5000000000,0.1406250000
62,15872,-24,-0.0937500000,0.0937500000,-1.4843750000,0.1718750000
63,16128,-12,-0.0468750000,0.0468750000,-1.3906250000,0.1953125000
64,16384,-28,-0.1093750000,0.1093750000,-1.4218750000,0.1875000000
65,16640,-24,-0.0937500000,0.0937500000,-1.4687500000,0.1796875000
66,16896,-32,-0.1250000000,0.1250000000,-1.3906250000,0.2265625000
67,17152,-32,-0.1250000000,0.1250000000,-1.2812500000,0.1953125000
68,17408,-30,-0.1171875000,0.1171875000,-1.4218750000,0.2617187500
69,17664,-54,-0.2109375000,0.2109375000,-1.3750000000,0.2421875000
70,17920,-42,-0.1640625000,0.1640625000,-1.4375000000,0.1484375000
71,18176,-46,-0.1796875000,0.1796875000,-1.4062500000,0.2031250000
72,18432,-54,-0.2109375000,0.2109375000,-1.3750000000,0.2187500000
73,18688,-36,-0.1406250000,0.1406250000,-1.2968750000,0.1914062500
74,18944,-20,-0.0781250000,0.0781250000,-1.3593750000,0.2265625000
75,19200,-2,-0.0078125000,0.0078125000,-1.3437500000,0.2070312500
76,19456,-18,-0.0703125000,0.0703125000,-1.3906250000,0.2500000000
77,19712,-20,-0.0781250000,0.0781250000,-1.3437500000,0.2148437500
78,19968,-10,-0.0390625000,0.0390625000,-1.2500000000,0.2226562500
79,20224,-12,-0.0468750000,0.0468750000,-1.2500000000,0.2539062500
80,20480,-26,-0.1015625000,0.1015625000,-1.2343750000,0.2226562500
81,20736,-20,-0.0781250000,0.0781250000,-1.2656250000,0.2382812500
82,20992,-30,-0.1171875000,0.1171875000,-1.3281250000,0.2539062500
83,21248,-24,-0.0937500000,0.0937500000,-1.3281250000,0.2304687500
84,21504,-16,-0.0625000000,0.0625000000,-1.2812500000,0.2265625000
85,21760,4,0.0156250000,0.0156250000,-1.3437500000,0.2109375000
86,22016,-4,-0.0156250000,0.0156250000,-1.2656250000,0.2421875000
87,22272,-28,-0.1093750000,0.1093750000,-1.3125000000,0.1875000000
88,22528,-52,-0.2031250000,0.2031250000,-1.3281250000,0.1484375000
89,22784,-46,-0.1796875000,0.1796875000,-1.2968750000,0.1992187500
90,23040,-56,-0.2187500000,0.2187500000,-1.2500000000,0.2226562500
91,23296,-38,-0.1484375000,0.1484375000,-1.2812500000,0.2382812500
92,23552,-24,-0.0937500000,0.0937500000,-1.2968750000,0.2382812500
93,23808,-40,-0.1562500000,0.1562500000,-1.2812500000,0.2187500000
94,24064,-40,-0.1562500000,0.1562500000,-1.3437500000,0.2109375000
95,24320,-44,-0.1718750000,0.1718750000,-1.3281250000,0.2500000000
96,24576,-14,-0.0546875000,0.0546875000,-1.3281250000,0.1835937500
97,24832,0,0.0000000000,0.0000000000,-1.4062500000,0.1914062500
98,25088,-4,-0.0156250000,0.0156250000,-1.3750000000,0.2421875000
99,25344,0,0.0000000000,0.0000000000,-1.3593750000,0.1953125000
100,25600,4,0.0156250000,0.0156250000,-1.3437500000,0.1875000000
101,25856,10,0.0390625000,0.0390625000,-1.4843750000,0.2304687500
102,26112,22,0.0859375000,0.0859375000,-1.5000000000,0.2031250000
103,26368,28,0.1093750000,0.1093750000,-1.5000000000,0.1914062500
104,26624,20,0.0781250000,0.0781250000,-1.4687500000,0.1328125000
105,26880,14,0.0546875000,0.0546875000,-1.3281250000,0.1914062500
106,27136,12,0.0468750000,0.0468750000,-1.3906250000,0.2460937500
107,27392,8,0.0312500000,0.0312500000,-1.3125000000,0.2500000000
108,27648,14,0.0546875000,0.0546875000,-1.3593750000,0.2539062500
109,27904,14,0.0546875000,0.0546875000,-1.2968750000,0.1875000000
110,28160,-6,-0.0234375000,0.0234375000,-1.1406250000,0.3046875000
111,28416,-8,-0.0312500000,0.0312500000,-1.2968750000,0.2695312500
112,28672,-24,-0.0937500000,0.0937500000,-1.3281250000,0.2187500000
113,28928,-22,-0.0859375000,0.0859375000,-1.4375000000,0.1601562500
114,29184,-24,-0.0937500000,0.0937500000,-1.4218750000,0.1601562500
115,29440,-26,-0.1015625000,0.1015625000,-1.4375000000,0.1445312500
116,29696,-28,-0.1093750000,0.1093750000,-1.4843750000,0.1523437500
117,29952,-12,-0.0468750000,0.0468750000,-1.3750000000,0.2031250000
118,30208,4,0.0156250000,0.0156250000,-1.3281250000,0.1953125000
119,30464,8,0.0312500000,0.0312500000,-1.2968750000,0.2109375000
120,30720,34,0.1328125000,0.1328125000,-1.2500000000,0.2617187500
121,30976,58,0.2265625000,0.2265625000,-1.3437500000,0.2734375000
122,31232,64,0.2500000000,0.2500000000,-1.2656250000,0.2226562500
123,31488,56,0.2187500000,0.2187500000,-1.2500000000,0.2812500000
124,31744,48,0.1875000000,0.1875000000,-1.1718750000,0.2812500000
125,32000,44,0.1718750000,0.1718750000,-1.2187500000,0.2109375000
126,32256,50,0.1953125000,0.1953125000,-1.2500000000,0.2304687500
127,32512,60,0.2343750000,0.2343750000,-1.3281250000,0.2695312500
128,32768,58,0.2265625000,0.2265625000,-1.2968750000,0.2460937500
129,33024,48,0.1875000000,0.1875000000,-1.4218750000,0.2304687500
130,33280,46,0.1796875000,0.1796875000,-1.3906250000,0.1914062500
131,33536,48,0.1875000000,0.1875000000,-1.3906250000,0.2304687500
132,33792,18,0.0703125000,0.0703125000,-1.3906250000,0.2617187500
133,34048,-12,-0.0468750000,0.0468750000,-1.2968750000,0.2304687500
134,34304,-8,-0.0312500000,0.0312500000,-1.2968750000,0.2187500000
135,34560,2,0.0078125000,0.0078125000,-1.3125000000,0.2617187500
136,34816,16,0.0625000000,0.0625000000,-1.3906250000,0.2226562500
137,35072,-12,-0.0468750000,0.0468750000,-1.3281250000,0.2343750000
138,35328,0,0.0000000000,0.0000000000,-1.3906250000,0.1875000000
139,35584,8,0.0312500000,0.0312500000,-1.3281250000,0.1875000000
140,35840,-16,-0.0625000000,0.0625000000,-1.3437500000,0.2265625000
141,36096,10,0.0390625000,0.0390625000,-1.3906250000,0.1601562500
142,36352,32,0.1250000000,0.1250000000,-1.2187500000,0.2304687500
143,36608,56,0.2187500000,0.2187500000,-1.4218750000,0.2265625000
144,36864,62,0.2421875000,0.2421875000,-1.3593750000,0.2226562500
145,37120,70,0.2734375000,0.2734375000,-1.3437500000,0.1953125000
146,37376,76,0.2968750000,0.2968750000,-1.4375000000,0.1992187500
147,37632,78,0.3046875000,0.3046875000,-1.4843750000,0.1679687500
148,37888,64,0.2500000000,0.2500000000,-1.5000000000,0.1601562500
149,38144,64,0.2500000000,0.2500000000,-1.4687500000,0.1718750000
150,38400,46,0.1796875000,0.1796875000,-1.3750000000,0.1992187500
151,38656,58,0.2265625000,0.2265625000,-1.3437500000,0.2031250000
152,38912,68,0.2656250000,0.2656250000,-1.3281250000,0.2070312500
153,39168,60,0.2343750000,0.2343750000,-1.3906250000,0.1796875000
154,39424,54,0.2109375000,0.2109375000,-1.2968750000,0.2539062500
155,39680,84,0.3281250000,0.3281250000,-1.2812500000,0.2460937500
156,39936,94,0.3671875000,0.3671875000,-1.2187500000,0.2539062500
157,40192,90,0.3515625000,0.3515625000,-1.2343750000,0.2187500000
158,40448,80,0.3125000000,0.3125000000,-1.3125000000,0.2773437500
159,40704,102,0.3984375000,0.3984375000,-1.3906250000,0.1914062500
160,40960,126,0.4921875000,0.4921875000,-1.3125000000,0.1796875000
161,41216,130,0.5078125000,0.5078125000,-1.3750000000,0.1953125000
162,41472,134,0.5234375000,0.5234375000,-1.3906250000,0.1953125000
163,41728,128,0.5000000000,0.5000000000,-1.3437500000,0.1992187500
164,41984,136,0.5312500000,0.5312500000,-1.3906250000,0.1328125000
165,42240,140,0.5468750000,0.5468750000,-1.5000000000,0.2265625000
166,42496,114,0.4453125000,0.4453125000,-1.3906250000,0.1679687500
167,42752,100,0.3906250000,0.3906250000,-1.4218750000,0.2070312500
168,43008,120,0.4687500000,0.4687500000,-1.4531250000,0.2265625000
169,43264,104,0.4062500000,0.4062500000,-1.4375000000,0.1718750000
170,43520,108,0.4218750000,0.4218750000,-1.4843750000,0.1640625000
171,43776,112,0.4375000000,0.4375000000,-1.4531250000,0.1484375000
172,44032,130,0.5078125000,0.5078125000,-1.4687500000,0.1367187500
173,44288,126,0.4921875000,0.4921875000,-1.4062500000,0.1796875000
174,44544,146,0.5703125000,0.5703125000,-1.4218750000,0.1953125000
175,44800,142,0.5546875000,0.5546875000,-1.4531250000,0.2109375000
176,45056,134,0.5234375000,0.5234375000,-1.4531250000,0.1718750000
177,45312,112,0.4375000000,0.4375000000,-1.3593750000,0.2382812500
178,45568,126,0.4921875000,0.4921875000,-1.6093750000,0.1523437500
179,45824,92,0.3593750000,0.3593750000,-1.4843750000,0.1601562500
180,46080,92,0.3593750000,0.3593750000,-1.4375000000,0.1796875000
181,46336,88,0.3437500000,0.3437500000,-1.3906250000,0.2109375000
182,46592,94,0.3671875000,0.3671875000,-1.4062500000,0.1914062500
183,46848,118,0.4609375000,0.4609375000,-1.5000000000,0.1640625000
184,47104,138,0.5390625000,0.5390625000,-1.5937500000,0.1796875000
185,47360,156,0.6093750000,0.6093750000,-1.5468750000,0.1601562500
186,47616,168,0.6562500000,0.6562500000,-1.5156250000,0.1796875000
187,47872,150,0.5859375000,0.5859375000,-1.4843750000,0.2148437500
188,48128,160,0.6250000000,0.6250000000,-1.5937500000,0.0820312500
189,48384,142,0.5546875000,0.5546875000,-1.4687500000,0.1367187500
190,48640,140,0.5468750000,0.5468750000,-1.4218750000,0.1523437500
191,48896,146,0.5703125000,0.5703125000,-1.5937500000,0.1367187500
192,49152,156,0.6093750000,0.6093750000,-1.4375000000,0.1367187500
193,49408,172,0.6718750000,0.6718750000,-1.4843750000,0.1796875000
194,49664,150,0.5859375000,0.5859375000,-1.5000000000,0.1835937500
195,49920,152,0.5937500000,0.5937500000,-1.3906250000,0.1367187500
196,50176,170,0.6640625000,0.6640625000,-1.4375000000,0.1992187500
197,50432,170,0.6640625000,0.6640625000,-1.5000000000,0.1640625000
198,50688,166,0.6484375000,0.6484375000,-1.4218750000,0.2109375000
199,50944,174,0.6796875000,0.6796875000,-1.4062500000,0.1875000000
200,51200,194,0.7578125000,0.7578125000,-1.6406250000,0.1484375000
201,51456,212,0.8281250000,0.8281250000,-1.5625000000,0.1210937500
202,51712,216,0.8437500000,0.8437500000,-1.6093750000,0.1093750000
203,51968,224,0.8750000000,0.8750000000,-1.7187500000,0.1093750000
204,52224,214,0.8359375000,0.8359375000,-1.7343750000,0.0898437500
205,52480,228,0.8906250000,0.8906250000,-1.6718750000,0.0976562500
206,52736,234,0.9140625000,0.9140625000,-1.7500000000,0.0976562500
207,52992,244,0.9531250000,0.9531250000,-1.8281250000,0.0742187500
208,53248,228,0.8906250000,0.8906250000,-1.6562500000,0.0859375000
209,53504,238,0.9296875000,0.9296875000,-1.7812500000,0.0742187500
210,53760,246,0.9609375000,0.9609375000,-1.8593750000,0.0390625000
211,54016,248,0.9687500000,0.9687500000,-1.8750000000,0.0429687500
212,54272,252,0.9843750000,0.9843750000,-1.9375000000,0.0625000000
213,54528,240,0.9375000000,0.9375000000,-1.7812500000,0.0625000000
214,54784,242,0.9453125000,0.9453125000,-1.8281250000,0.0585937500
215,55040,244,0.9531250000,0.9531250000,-1.8281250000,0.0351562500
216,55296,248,0.9687500000,0.9687500000,-1.8906250000,0.0468750000
217,55552,238,0.9296875000,0.9296875000,-1.7656250000,0.0585937500
218,55808,238,0.9296875000,0.9296875000,-1.7656250000,0.0859375000
219,56064,234,0.9140625000,0.9140625000,-1.6718750000,0.0781250000
220,56320,240,0.9375000000,0.9375000000,-1.8125000000,0.0898437500
221,56576,236,0.9218750000,0.9218750000,-1.7968750000,0.0937500000
222,56832,238,0.9296875000,0.9296875000,-1.7656250000,0.0507812500
223,57088,244,0.9531250000,0.9531250000,-1.8125000000,0.0507812500
224,57344,250,0.9765625000,0.9765625000,-1.9062500000,0.0429687500
225,57600,248,0.9687500000,0.9687500000,-1.8750000000,0.0273437500
226,57856,252,0.9843750000,0.9843750000,-1.9375000000,0.0546875000
227,58112,246,0.9609375000,0.9609375000,-1.8437500000,0.0351562500
228,58368,236,0.9218750000,0.9218750000,-1.7500000000,0.0898437500
229,58624,222,0.8671875000,0.8671875000,-1.6562500000,0.1132812500
230,58880,214,0.8359375000,0.8359375000,-1.5468750000,0.1406250000
231,59136,208,0.8125000000,0.8125000000,-1.5312500000,0.1367187500
232,59392,204,0.7968750000,0.7968750000,-1.5156250000,0.1640625000
233,59648,174,0.6796875000,0.6796875000,-1.3593750000,0.1835937500
234,59904,172,0.6718750000,0.6718750000,-1.4687500000,0.1835937500
235,60160,172,0.6718750000,0.6718750000,-1.4687500000,0.1015625000
236,60416,190,0.7421875000,0.7421875000,-1.4843750000,0.1992187500
237,60672,186,0.7265625000,0.7265625000,-1.4687500000,0.1484375000
238,60928,186,0.7265625000,0.7265625000,-1.4843750000,0.2109375000
239,61184,184,0.7187500000,0.7187500000,-1.3906250000,0.1367187500
240,61440,170,0.6640625000,0.6640625000,-1.3906250000,0.1835937500
241,61696,178,0.6953125000,0.6953125000,-1.5000000000,0.2265625000
242,61952,174,0.6796875000,0.6796875000,-1.5468750000,0.1562500000
243,62208,190,0.7421875000,0.7421875000,-1.5781250000,0.1562500000
244,62464,202,0.7890625000,0.7890625000,-1.5937500000,0.1562500000
245,62720,206,0.8046875000,0.8046875000,-1.6093750000,0.1406250000
246,62976,218,0.8515625000,0.8515625000,-1.6875000000,0.0781250000
247,63232,226,0.8828125000,0.8828125000,-1.7187500000,0.0937500000
248,63488,224,0.8750000000,0.8750000000,-1.6562500000,0.1132812500
249,63744,226,0.8828125000,0.8828125000,-1.6093750000,0.1445312500
250,64000,232,0.9062500000,0.9062500000,-1.6875000000,0.0742187500
251,64256,240,0.9375000000,0.9375000000,-1.7812500000,0.0703125000
252,64512,234,0.9140625000,0.9140625000,-1.7500000000,0.0664062500
253,64768,228,0.8906250000,0.8906250000,-1.6562500000,0.0664062500
254,65024,226,0.8828125000,0.8828125000,-1.7187500000,0.0976562500
255,65280,236,0.9218750000,0.9218750000,-1.7656250000,0.0820312500
256,65536,232,0.9062500000,0.9062500000,-1.7187500000,0.0625000000
257,65792,242,0.9453125000,0.9453125000,-1.8125000000,0.0742187500
258,66048,242,0.9453125000,0.9453125000,-1.8125000000,0.0703125000
259,66304,236,0.9218750000,0.9218750000,-1.7656250000,0.0351562500
260,66560,236,0.9218750000,0.9218750000,-1.7031250000,0.0546875000
261,66816,226,0.8828125000,0.8828125000,-1.6093750000,0.0820312500
262,67072,232,0.9062500000,0.9062500000,-1.6875000000,0.0898437500
263,67328,232,0.9062500000,0.9062500000,-1.6718750000,0.0859375000
264,67584,232,0.9062500000,0.9062500000,-1.7343750000,0.0859375000
265,67840,238,0.9296875000,0.9296875000,-1.7500000000,0.0820312500
266,68096,240,0.9375000000,0.9375000000,-1.8281250000,0.0742187500
267,68352,236,0.9218750000,0.9218750000,-1.7500000000,0.0859375000
268,68608,244,0.9531250000,0.9531250000,-1.8281250000,0.0781250000
269,68864,248,0.9687500000,0.9687500000,-1.8906250000,0.0703125000
270,69120,248,0.9687500000,0.9687500000,-1.8906250000,0.0234375000
271,69376,244,0.9531250000,0.9531250000,-1.8437500000,0.0703125000
272,69632,248,0.9687500000,0.9687500000,-1.8750000000,0.0468750000
273,69888,238,0.9296875000,0.9296875000,-1.7812500000,0.0976562500
274,70144,234,0.9140625000,0.9140625000,-1.7500000000,0.0546875000
275,70400,228,0.8906250000,0.8906250000,-1.7500000000,0.0742187500
276,70656,226,0.8828125000,0.8828125000,-1.7031250000,0.0820312500
277,70912,226,0.8828125000,0.8828125000,-1.7031250000,0.0859375000
278,71168,218,0.8515625000,0.8515625000,-1.6250000000,0.1093750000
279,71424,212,0.8281250000,0.8281250000,-1.5000000000,0.1289062500
280,71680,226,0.8828125000,0.8828125000,-1.6250000000,0.1054687500
281,71936,218,0.8515625000,0.8515625000,-1.5625000000,0.1406250000
282,72192,220,0.8593750000,0.8593750000,-1.5625000000,0.1367187500
283,72448,228,0.8906250000,0.8906250000,-1.6562500000,0.0937500000
284,72704,234,0.9140625000,0.9140625000,-1.7031250000,0.0976562500
285,72960,240,0.9375000000,0.9375000000,-1.7968750000,0.0742187500
286,73216,244,0.9531250000,0.9531250000,-1.8281250000,0.0546875000
287,73472,246,0.9609375000,0.9609375000,-1.8593750000,0.0898437500
288,73728,236,0.9218750000,0.9218750000,-1.7500000000,0.0664062500
289,73984,232,0.9062500000,0.9062500000,-1.7812500000,0.0859375000
290,74240,248,0.9687500000,0.9687500000,-1.9062500000,0.0781250000
291,74496,232,0.9062500000,0.9062500000,-1.7343750000,0.0937500000
292,74752,240,0.9375000000,0.9375000000,-1.7968750000,0.0937500000
293,75008,238,0.9296875000,0.9296875000,-1.8437500000,0.0429687500
294,75264,244,0.9531250000,0.9531250000,-1.8593750000,0.0507812500
295,75520,244,0.9531250000,0.9531250000,-1.8281250000,0.0468750000
296,75776,244,0.9531250000,0.9531250000,-1.8125000000,0.0468750000
297,76032,238,0.9296875000,0.9296875000,-1.7656250000,0.0351562500
298,76288,234,0.9140625000,0.9140625000,-1.6875000000,0.0859375000
299,76544,230,0.8984375000,0.8984375000,-1.6406250000,0.1250000000
300,76800,216,0.8437500000,0.8437500000,-1.5625000000,0.1445312500
301,77056,210,0.8203125000,0.8203125000,-1.5468750000,0.1132812500
302,77312,238,0.9296875000,0.9296875000,-1.8281250000,0.1250000000
303,77568,234,0.9140625000,0.9140625000,-1.7500000000,0.0703125000
304,77824,230,0.8984375000,0.8984375000,-1.7031250000,0.0781250000
305,78080,204,0.7968750000,0.7968750000,-1.6093750000,0.1445312500
306,78336,228,0.8906250000,0.8906250000,-1.6562500000,0.1484375000
307,78592,244,0.9531250000,0.9531250000,-1.8281250000,0.0859375000
308,78848,244,0.9531250000,0.9531250000,-1.8125000000,0.0546875000
309,79104,244,0.9531250000,0.9531250000,-1.8281250000,0.0546875000
310,79360,234,0.9140625000,0.9140625000,-1.7656250000,0.0742187500
311,79616,236,0.9218750000,0.9218750000,-1.7812500000,0.0898437500
312,79872,230,0.8984375000,0.8984375000,-1.6875000000,0.0664062500
313,80128,244,0.9531250000,0.9531250000,-1.8437500000,0.0742187500
314,80384,246,0.9609375000,0.9609375000,-1.8593750000,0.0507812500
315,80640,244,0.9531250000,0.9531250000,-1.8437500000,0.0742187500
316,80896,238,0.9296875000,0.9296875000,-1.7812500000,0.0664062500
317,81152,236,0.9218750000,0.9218750000,-1.7656250000,0.0820312500
318,81408,232,0.9062500000,0.9062500000,-1.6562500000,0.0859375000
319,81664,234,0.9140625000,0.9140625000,-1.7656250000,0.1210937500
320,81920,246,0.9609375000,0.9609375000,-1.8437500000,0.0703125000
321,82176,256,1.0000000000,1.0000000000,-2.0000000000,0.0195312500
322,82432,256,1.0000000000,1.0000000000,-2.0000000000,0.0234375000
323,82688,250,0.9765625000,0.9765625000,-1.9062500000,0.0117187500
324,82944,244,0.9531250000,0.9531250000,-1.8281250000,0.0351562500
325,83200,232,0.9062500000,0.9062500000,-1.7031250000,0.0390625000
326,83456,232,0.9062500000,0.9062500000,-1.7031250000,0.1015625000
327,83712,226,0.8828125000,0.8828125000,-1.5781250000,0.1210937500
328,83968,238,0.9296875000,0.9296875000,-1.7343750000,0.0781250000
329,84224,230,0.8984375000,0.8984375000,-1.7031250000,0.1250000000
330,84480,238,0.9296875000,0.9296875000,-1.7968750000,0.0546875000
331,84736,226,0.8828125000,0.8828125000,-1.6875000000,0.0859375000
332,84992,226,0.8828125000,0.8828125000,-1.6718750000,0.1015625000
333,85248,230,0.8984375000,0.8984375000,-1.6562500000,0.1015625000
334,85504,226,0.8828125000,0.8828125000,-1.6093750000,0.1015625000
335,85760,226,0.8828125000,0.8828125000,-1.6562500000,0.0859375000
336,86016,234,0.9140625000,0.9140625000,-1.7500000000,0.0859375000
337,86272,222,0.8671875000,0.8671875000,-1.6718750000,0.0859375000
338,86528,232,0.9062500000,0.9062500000,-1.7187500000,0.0976562500
339,86784,232,0.9062500000,0.9062500000,-1.7500000000,0.1015625000
340,87040,242,0.9453125000,0.9453125000,-1.8281250000,0.0742187500
341,87296,242,0.9453125000,0.9453125000,-1.7968750000,0.0468750000
342,87552,226,0.8828125000,0.8828125000,-1.6718750000,0.0937500000
343,87808,216,0.8437500000,0.8437500000,-1.6562500000,0.1054687500
344,88064,224,0.8750000000,0.8750000000,-1.7968750000,0.0859375000
345,88320,232,0.9062500000,0.9062500000,-1.7812500000,0.0859375000
346,88576,242,0.9453125000,0.9453125000,-1.8593750000,0.0351562500
347,88832,244,0.9531250000,0.9531250000,-1.8437500000,0.0429687500
348,89088,236,0.9218750000,0.9218750000,-1.7656250000,0.0390625000
349,89344,244,0.9531250000,0.9531250000,-1.8125000000,0.0468750000
350,89600,236,0.9218750000,0.9218750000,-1.7343750000,0.0546875000
351,89856,244,0.9531250000,0.9531250000,-1.8593750000,0.0546875000
352,90112,246,0.9609375000,0.9609375000,-1.8593750000,0.0664062500
353,90368,244,0.9531250000,0.9531250000,-1.8281250000,0.0585937500
354,90624,240,0.9375000000,0.9375000000,-1.7968750000,0.0703125000
355,90880,240,0.9375000000,0.9375000000,-1.7812500000,0.0546875000
356,91136,246,0.9609375000,0.9609375000,-1.8593750000,0.0664062500
357,91392,250,0.9765625000,0.9765625000,-1.9062500000,0.0390625000
358,91648,242,0.9453125000,0.9453125000,-1.8281250000,0.0468750000
359,91904,236,0.9218750000,0.9218750000,-1.7187500000,0.0507812500
360,92160,242,0.9453125000,0.9453125000,-1.8125000000,0.0664062500
361,92416,246,0.9609375000,0.9609375000,-1.8593750000,0.0625000000
362,92672,250,0.9765625000,0.9765625000,-1.9062500000,0.0390625000
363,92928,246,0.9609375000,0.9609375000,-1.8437500000,0.0468750000
364,93184,236,0.9218750000,0.9218750000,-1.7656250000,0.0742187500
365,93440,236,0.9218750000,0.9218750000,-1.7968750000,0.0703125000
366,93696,244,0.9531250000,0.9531250000,-1.8281250000,0.0468750000
367,93952,242,0.9453125000,0.9453125000,-1.7968750000,0.0351562500
368,94208,244,0.9531250000,0.9531250000,-1.8437500000,0.0429687500
369,94464,238,0.9296875000,0.9296875000,-1.7968750000,0.0429687500
370,94720,244,0.9531250000,0.9531250000,-1.8437500000,0.0664062500
371,94976,246,0.9609375000,0.9609375000,-1.8437500000,0.0585937500
372,95232,250,0.9765625000,0.9765625000,-1.9062500000,0.0468750000
373,95488,244,0.9531250000,0.9531250000,-1.8125000000,0.0273437500
374,95744,236,0.9218750000,0.9218750000,-1.7343750000,0.0625000000
375,96000,232,0.9062500000,0.9062500000,-1.6718750000,0.0390625000
376,96256,232,0.9062500000,0.9062500000,-1.6718750000,0.0781250000
377,96512,244,0.9531250000,0.9531250000,-1.8125000000,0.0703125000
378,96768,232,0.9062500000,0.9062500000,-1.6562500000,0.0625000000
379,97024,232,0.9062500000,0.9062500000,-1.6875000000,0.0937500000
380,97280,246,0.9609375000,0.9609375000,-1.8437500000,0.0585937500
381,97536,242,0.9453125000,0.9453125000,-1.7968750000,0.0312500000
382,97792,240,0.9375000000,0.9375000000,-1.8125000000,0.0742187500
383,98048,246,0.9609375000,0.9609375000,-1.8593750000,0.0351562500
384,98304,244,0.9531250000,0.9531250000,-1.8281250000,0.0429687500
385,98560,236,0.9218750000,0.9218750000,-1.7500000000,0.0781250000
386,98816,234,0.9140625000,0.9140625000,-1.7500000000,0.1054687500
387,99072,220,0.8593750000,0.8593750000,-1.6093750000,0.0742187500
388,99328,232,0.9062500000,0.9062500000,-1.7656250000,0.1328125000
389,99584,232,0.9062500000,0.9062500000,-1.7500000000,0.0468750000
390,99840,214,0.8359375000,0.8359375000,-1.5156250000,0.1132812500
391,100096,224,0.8750000000,0.8750000000,-1.6250000000,0.1523437500
392,100352,222,0.8671875000,0.8671875000,-1.5937500000,0.1132812500
393,100608,234,0.9140625000,0.9140625000,-1.6875000000,0.1171875000
394,100864,238,0.9296875000,0.9296875000,-1.7656250000,0.0781250000
395,101120,242,0.9453125000,0.9453125000,-1.7968750000,0.0468750000
396,101376,238,0.9296875000,0.9296875000,-1.7968750000,0.0781250000
397,101632,246,0.9609375000,0.9609375000,-1.8906250000,0.0781250000
398,101888,246,0.9609375000,0.9609375000,-1.8906250000,0.0546875000
399,102144,242,0.9453125000,0.9453125000,-1.8281250000,0.0468750000
400,102400,242,0.9453125000,0.9453125000,-1.8125000000,0.0625000000
401,102656,238,0.9296875000,0.9296875000,-1.7343750000,0.0703125000
402,102912,222,0.8671875000,0.8671875000,-1.5937500000,0.0937500000
403,103168,222,0.8671875000,0.8671875000,-1.5937500000,0.1093750000
404,103424,234,0.9140625000,0.9140625000,-1.7031250000,0.0937500000
405,103680,232,0.9062500000,0.9062500000,-1.6718750000,0.0820312500
406,103936,240,0.9375000000,0.9375000000,-1.7968750000,0.0859375000
407,104192,232,0.9062500000,0.9062500000,-1.7031250000,0.1015625000
408,104448,238,0.9296875000,0.9296875000,-1.7968750000,0.0742187500
409,104704,222,0.8671875000,0.8671875000,-1.6562500000,0.1015625000
410,104960,224,0.8750000000,0.8750000000,-1.6093750000,0.1445312500
411,105216,216,0.8437500000,0.8437500000,-1.5937500000,0.1171875000
412,105472,232,0.9062500000,0.9062500000,-1.7187500000,0.1015625000
413,105728,236,0.9218750000,0.9218750000,-1.7187500000,0.0703125000
414,105984,234,0.9140625000,0.9140625000,-1.7187500000,0.0898437500
415,106240,226,0.8828125000,0.8828125000,-1.6562500000,0.0859375000
416,106496,232,0.9062500000,0.9062500000,-1.7343750000,0.0976562500
417,106752,232,0.9062500000,0.9062500000,-1.7031250000,0.0546875000
418,107008,240,0.9375000000,0.9375000000,-1.7812500000,0.0625000000
419,107264,236,0.9218750000,0.9218750000,-1.7343750000,0.0625000000
420,107520,242,0.9453125000,0.9453125000,-1.8125000000,0.0664062500
421,107776,236,0.9218750000,0.9218750000,-1.7656250000,0.0976562500
422,108032,242,0.9453125000,0.9453125000,-1.8437500000,0.0898437500
423,108288,244,0.9531250000,0.9531250000,-1.8281250000,0.0351562500
424,108544,240,0.9375000000,0.9375000000,-1.7968750000,0.0703125000
425,108800,240,0.9375000000,0.9375000000,-1.7500000000,0.0625000000
426,109056,238,0.9296875000,0.9296875000,-1.7343750000,0.0820312500
427,109312,228,0.8906250000,0.8906250000,-1.6250000000,0.1054687500
428,109568,226,0.8828125000,0.8828125000,-1.6250000000,0.0976562500
429,109824,242,0.9453125000,0.9453125000,-1.7812500000,0.0859375000
430,110080,240,0.9375000000,0.9375000000,-1.7968750000,0.0507812500
431,110336,238,0.9296875000,0.9296875000,-1.7500000000,0.0664062500
432,110592,242,0.9453125000,0.9453125000,-1.7812500000,0.0625000000
433,110848,248,0.9687500000,0.9687500000,-1.8750000000,0.0585937500
434,111104,246,0.9609375000,0.9609375000,-1.8437500000,0.0585937500
435,111360,238,0.9296875000,0.9296875000,-1.7343750000,0.0625000000
436,111616,236,0.9218750000,0.9218750000,-1.7187500000,0.0585937500
437,111872,230,0.8984375000,0.8984375000,-1.7031250000,0.0976562500
438,112128,234,0.9140625000,0.9140625000,-1.7187500000,0.0859375000
439,112384,242,0.9453125000,0.9453125000,-1.8125000000,0.0625000000
440,112640,242,0.9453125000,0.9453125000,-1.7968750000,0.0625000000
441,112896,230,0.8984375000,0.8984375000,-1.6875000000,0.0312500000
442,113152,234,0.9140625000,0.9140625000,-1.6875000000,0.0703125000
443,113408,242,0.9453125000,0.9453125000,-1.8281250000,0.0468750000
444,113664,240,0.9375000000,0.9375000000,-1.7812500000,0.0507812500
445,113920,232,0.9062500000,0.9062500000,-1.6718750000,0.1015625000
446,114176,234,0.9140625000,0.9140625000,-1.7031250000,0.0664062500
447,114432,234,0.9140625000,0.9140625000,-1.7343750000,0.0625000000
448,114688,234,0.9140625000,0.9140625000,-1.7187500000,0.1250000000
449,114944,232,0.9062500000,0.9062500000,-1.7031250000,0.0585937500
450,115200,234,0.9140625000,0.9140625000,-1.7031250000,0.0898437500
451,115456,238,0.9296875000,0.9296875000,-1.7500000000,0.0625000000
452,115712,234,0.9140625000,0.9140625000,-1.7031250000,0.0937500000
453,115968,224,0.8750000000,0.8750000000,-1.6093750000,0.1054687500
454,116224,228,0.8906250000,0.8906250000,-1.6093750000,0.0703125000
455,116480,230,0.8984375000,0.8984375000,-1.6250000000,0.0585937500
456,116736,214,0.8359375000,0.8359375000,-1.5312500000,0.1093750000
457,116992,236,0.9218750000,0.9218750000,-1.7343750000,0.1210937500
458,117248,236,0.9218750000,0.9218750000,-1.8281250000,0.0468750000
459,117504,238,0.9296875000,0.9296875000,-1.7968750000,0.0664062500
460,117760,232,0.9062500000,0.9062500000,-1.7343750000,0.0742187500
461,118016,228,0.8906250000,0.8906250000,-1.7500000000,0.0859375000
462,118272,236,0.9218750000,0.9218750000,-1.7812500000,0.0625000000
463,118528,226,0.8828125000,0.8828125000,-1.6875000000,0.0507812500
464,118784,226,0.8828125000,0.8828125000,-1.7500000000,0.0859375000
465,119040,224,0.8750000000,0.8750000000,-1.7187500000,0.1445312500
466,119296,216,0.8437500000,0.8437500000,-1.5625000000,0.1171875000
467,119552,226,0.8828125000,0.8828125000,-1.6562500000,0.1289062500
468,119808,236,0.9218750000,0.9218750000,-1.7343750000,0.0820312500
469,120064,228,0.8906250000,0.8906250000,-1.6562500000,0.1015625000
470,120320,248,0.9687500000,0.9687500000,-1.8750000000,0.0781250000
471,120576,250,0.9765625000,0.9765625000,-1.9375000000,0.0273437500
472,120832,244,0.9531250000,0.9531250000,-1.8593750000,0.0429687500
473,121088,230,0.8984375000,0.8984375000,-1.6875000000,0.0820312500
474,121344,238,0.9296875000,0.9296875000,-1.7656250000,0.1015625000
475,121600,242,0.9453125000,0.9453125000,-1.7968750000,0.0703125000
476,121856,248,0.9687500000,0.9687500000,-1.8750000000,0.0351562500
477,122112,244,0.9531250000,0.9531250000,-1.8437500000,0.0390625000
478,122368,240,0.9375000000,0.9375000000,-1.7968750000,0.0468750000
479,122624,244,0.9531250000,0.9531250000,-1.8281250000,0.0781250000
480,122880,238,0.9296875000,0.9296875000,-1.7812500000,0.0742187500
481,123136,246,0.9609375000,0.9609375000,-1.8437500000,0.0625000000
482,123392,244,0.9531250000,0.9531250000,-1.8593750000,0.0273437500
483,123648,240,0.9375000000,0.9375000000,-1.7812500000,0.0546875000
484,123904,230,0.8984375000,0.8984375000,-1.7656250000,0.0820312500
485,124160,236,0.9218750000,0.9218750000,-1.7812500000,0.0742187500
486,124416,228,0.8906250000,0.8906250000,-1.7187500000,0.0546875000
487,124672,242,0.9453125000,0.9453125000,-1.7812500000,0.0898437500
488,124928,232,0.9062500000,0.9062500000,-1.7343750000,0.0742187500
489,125184,224,0.8750000000,0.8750000000,-1.6250000000,0.1015625000
490,125440,228,0.8906250000,0.8906250000,-1.6250000000,0.0937500000
491,125696,242,0.9453125000,0.9453125000,-1.7812500000,0.0898437500
492,125952,238,0.9296875000,0.9296875000,-1.7812500000,0.0781250000
493,126208,240,0.9375000000,0.9375000000,-1.8125000000,0.0898437500
494,126464,248,0.9687500000,0.9687500000,-1.9218750000,0.0546875000
495,126720,240,0.9375000000,0.9375000000,-1.7500000000,0.0625000000
496,126976,244,0.9531250000,0.9531250000,-1.8437500000,0.0625000000
497,127232,246,0.9609375000,0.9609375000,-1.8750000000,0.0429687500
498,127488,246,0.9609375000,0.9609375000,-1.8437500000,0.0468750000
499,127744,250,0.9765625000,0.9765625000,-1.9062500000,0.0312500000
500,128000,242,0.9453125000,0.9453125000,-1.7968750000,0.0468750000
501,128256,244,0.9531250000,0.9531250000,-1.8281250000,0.0273437500
502,128512,230,0.8984375000,0.8984375000,-1.6718750000,0.0664062500
503,128768,240,0.9375000000,0.9375000000,-1.8125000000,0.0742187500
504,129024,226,0.8828125000,0.8828125000,-1.7343750000,0.0664062500
505,129280,230,0.8984375000,0.8984375000,-1.7187500000,0.0703125000
506,129536,228,0.8906250000,0.8906250000,-1.6406250000,0.0898437500
507,129792,228,0.8906250000,0.8906250000,-1.6718750000,0.0625000000
508,130048,240,0.9375000000,0.9375000000,-1.7968750000,0.0937500000
509,130304,226,0.8828125000,0.8828125000,-1.6562500000,0.1054687500
510,130560,234,0.9140625000,0.9140625000,-1.7343750000,0.1250000000
511,130816,244,0.9531250000,0.9531250000,-1.8125000000,0.0507812500
512,131072,242,0.9453125000,0.9453125000,-1.7968750000,0.0195312500
513,131328,238,0.9296875000,0.9296875000,-1.7343750000,0.0703125000
514,131584,240,0.9375000000,0.9375000000,-1.7656250000,0.0351562500
515,131840,244,0.9531250000,0.9531250000,-1.8281250000,0.0468750000
516,132096,244,0.9531250000,0.9531250000,-1.8281250000,0.0390625000
517,132352,238,0.9296875000,0.9296875000,-1.7343750000,0.0664062500
518,132608,230,0.8984375000,0.8984375000,-1.6250000000,0.0703125000
519,132864,244,0.9531250000,0.9531250000,-1.8281250000,0.0742187500
520,133120,244,0.9531250000,0.9531250000,-1.8593750000,0.0312500000
521,133376,234,0.9140625000,0.9140625000,-1.7500000000,0.0507812500
522,133632,230,0.8984375000,0.8984375000,-1.7031250000,0.0703125000
523,133888,230,0.8984375000,0.8984375000,-1.6406250000,0.0703125000
524,134144,236,0.9218750000,0.9218750000,-1.7343750000,0.0664062500
525,134400,238,0.9296875000,0.9296875000,-1.7656250000,0.0429687500
526,134656,246,0.9609375000,0.9609375000,-1.8593750000,0.0703125000
527,134912,240,0.9375000000,0.9375000000,-1.7500000000,0.0820312500
528,135168,250,0.9765625000,0.9765625000,-1.9062500000,0.0507812500
529,135424,246,0.9609375000,0.9609375000,-1.8750000000,0.0625000000
530,135680,240,0.9375000000,0.9375000000,-1.7656250000,0.0664062500
531,135936,222,0.8671875000,0.8671875000,-1.5625000000,0.1054687500
532,136192,226,0.8828125000,0.8828125000,-1.6875000000,0.1015625000
533,136448,232,0.9062500000,0.9062500000,-1.7343750000,0.0585937500
534,136704,220,0.8593750000,0.8593750000,-1.6718750000,0.0781250000
535,136960,222,0.8671875000,0.8671875000,-1.6406250000,0.0976562500
536,137216,214,0.8359375000,0.8359375000,-1.5937500000,0.1328125000
537,137472,218,0.8515625000,0.8515625000,-1.6093750000,0.0937500000
538,137728,232,0.9062500000,0.9062500000,-1.6562500000,0.0976562500
539,137984,230,0.8984375000,0.8984375000,-1.7187500000,0.0742187500
540,138240,244,0.9531250000,0.9531250000,-1.8281250000,0.0585937500
541,138496,248,0.9687500000,0.9687500000,-1.8906250000,0.0468750000
542,138752,244,0.9531250000,0.9531250000,-1.8281250000,0.0625000000
543,139008,240,0.9375000000,0.9375000000,-1.7500000000,0.0546875000
544,139264,222,0.8671875000,0.8671875000,-1.6093750000,0.1289062500
545,139520,236,0.9218750000,0.9218750000,-1.7500000000,0.0820312500
546,139776,226,0.8828125000,0.8828125000,-1.6406250000,0.0585937500
547,140032,216,0.8437500000,0.8437500000,-1.5937500000,0.1367187500
548,140288,224,0.8750000000,0.8750000000,-1.6406250000,0.1250000000
549,140544,226,0.8828125000,0.8828125000,-1.6875000000,0.0976562500
550,140800,228,0.8906250000,0.8906250000,-1.6718750000,0.0976562500
551,141056,230,0.8984375000,0.8984375000,-1.7187500000,0.1054687500
552,141312,216,0.8437500000,0.8437500000,-1.5468750000,0.0898437500
553,141568,226,0.8828125000,0.8828125000,-1.7187500000,0.1054687500
554,141824,214,0.8359375000,0.8359375000,-1.5781250000,0.1171875000
555,142080,228,0.8906250000,0.8906250000,-1.6875000000,0.1210937500
556,142336,228,0.8906250000,0.8906250000,-1.7031250000,0.1171875000
557,142592,214,0.8359375000,0.8359375000,-1.5937500000,0.1445312500
558,142848,212,0.8281250000,0.8281250000,-1.5312500000,0.1523437500
559,143104,224,0.8750000000,0.8750000000,-1.5781250000,0.1093750000
560,143360,238,0.9296875000,0.9296875000,-1.7812500000,0.0429687500
561,143616,234,0.9140625000,0.9140625000,-1.7656250000,0.0468750000
562,143872,242,0.9453125000,0.9453125000,-1.7968750000,0.0625000000
563,144128,244,0.9531250000,0.9531250000,-1.8281250000,0.0273437500
564,144384,234,0.9140625000,0.9140625000,-1.7343750000,0.1054687500
565,144640,220,0.8593750000,0.8593750000,-1.6406250000,0.1289062500
566,144896,244,0.9531250000,0.9531250000,-1.8281250000,0.1093750000
567,145152,246,0.9609375000,0.9609375000,-1.8437500000,0.0507812500
568,145408,238,0.9296875000,0.9296875000,-1.7656250000,0.0625000000
569,145664,246,0.9609375000,0.9609375000,-1.8437500000,0.0625000000
570,145920,240,0.9375000000,0.9375000000,-1.7968750000,0.0585937500
571,146176,246,0.9609375000,0.9609375000,-1.8593750000,0.0507812500
572,146432,250,0.9765625000,0.9765625000,-1.9218750000,0.0390625000
573,146688,246,0.9609375000,0.9609375000,-1.8593750000,0.0468750000
574,146944,246,0.9609375000,0.9609375000,-1.8906250000,0.0546875000
575,147200,240,0.9375000000,0.9375000000,-1.7812500000,0.0429687500
576,147456,236,0.9218750000,0.9218750000,-1.7500000000,0.0468750000
577,147712,240,0.9375000000,0.9375000000,-1.8125000000,0.0546875000
578,147968,234,0.9140625000,0.9140625000,-1.6875000000,0.0664062500
579,148224,234,0.9140625000,0.9140625000,-1.7656250000,0.0859375000
580,148480,220,0.8593750000,0.8593750000,-1.6406250000,0.0585937500
581,148736,220,0.8593750000,0.8593750000,-1.6250000000,0.0937500000
582,148992,214,0.8359375000,0.8359375000,-1.6250000000,0.1210937500
583,149248,208,0.8125000000,0.8125000000,-1.6093750000,0.1367187500
584,149504,222,0.8671875000,0.8671875000,-1.6562500000,0.1445312500
585,149760,218,0.8515625000,0.8515625000,-1.6250000000,0.1171875000
586,150016,226,0.8828125000,0.8828125000,-1.7031250000,0.1015625000
587,150272,238,0.9296875000,0.9296875000,-1.7812500000,0.1171875000
588,150528,242,0.9453125000,0.9453125000,-1.8750000000,0.0546875000
589,150784,246,0.9609375000,0.9609375000,-1.8750000000,0.0625000000
590,151040,246,0.9609375000,0.9609375000,-1.8437500000,0.0546875000
591,151296,246,0.9609375000,0.9609375000,-1.8750000000,0.0468750000
592,151552,248,0.9687500000,0.9687500000,-1.8750000000,0.0273437500
593,151808,252,0.9843750000,0.9843750000,-1.9375000000,0.0390625000
594,152064,254,0.9921875000,0.9921875000,-1.9687500000,0.0117187500
595,152320,246,0.9609375000,0.9609375000,-1.8750000000,0.0390625000
596,152576,248,0.9687500000,0.9687500000,-1.8750000000,0.0351562500
597,152832,230,0.8984375000,0.8984375000,-1.6718750000,0.0742187500
598,153088,236,0.9218750000,0.9218750000,-1.7343750000,0.0742187500
599,153344,236,0.9218750000,0.9218750000,-1.7343750000,0.0546875000
600,153600,234,0.9140625000,0.9140625000,-1.7031250000,0.0664062500
601,153856,244,0.9531250000,0.9531250000,-1.8281250000,0.0820312500
602,154112,246,0.9609375000,0.9609375000,-1.9062500000,0.0664062500
603,154368,242,0.9453125000,0.9453125000,-1.8437500000,0.0546875000
604,154624,240,0.9375000000,0.9375000000,-1.7968750000,0.0742187500
605,154880,234,0.9140625000,0.9140625000,-1.7187500000,0.0664062500
606,155136,234,0.9140625000,0.9140625000,-1.7187500000,0.1093750000
607,155392,230,0.8984375000,0.8984375000,-1.6562500000,0.0859375000
608,155648,226,0.8828125000,0.8828125000,-1.6250000000,0.1093750000
609,155904,222,0.8671875000,0.8671875000,-1.6093750000,0.1015625000
610,156160,216,0.8437500000,0.8437500000,-1.4843750000,0.1132812500
611,156416,230,0.8984375000,0.8984375000,-1.7031250000,0.0898437500
612,156672,236,0.9218750000,0.9218750000,-1.7656250000,0.0820312500
613,156928,236,0.9218750000,0.9218750000,-1.7656250000,0.0625000000
614,157184,224,0.8750000000,0.8750000000,-1.7187500000,0.0703125000
615,157440,230,0.8984375000,0.8984375000,-1.7500000000,0.0976562500
616,157696,234,0.9140625000,0.9140625000,-1.7656250000,0.0625000000
617,157952,224,0.8750000000,0.8750000000,-1.5937500000,0.1132812500
618,158208,242,0.9453125000,0.9453125000,-1.7968750000,0.0820312500
619,158464,224,0.8750000000,0.8750000000,-1.5625000000,0.0664062500
620,158720,238,0.9296875000,0.9296875000,-1.7656250000,0.0976562500
621,158976,236,0.9218750000,0.9218750000,-1.8125000000,0.0585937500
622,159232,230,0.8984375000,0.8984375000,-1.6718750000,0.0820312500
623,159488,234,0.9140625000,0.9140625000,-1.7343750000,0.0937500000
624,159744,242,0.9453125000,0.9453125000,-1.8125000000,0.0859375000
625,160000,236,0.9218750000,0.9218750000,-1.7187500000,0.0664062500
626,160256,224,0.8750000000,0.8750000000,-1.5781250000,0.1250000000
627,160512,230,0.8984375000,0.8984375000,-1.6875000000,0.0664062500
628,160768,214,0.8359375000,0.8359375000,-1.5625000000,0.1328125000
629,161024,220,0.8593750000,0.8593750000,-1.7031250000,0.1523437500
630,161280,226,0.8828125000,0.8828125000,-1.7187500000,0.0820312500
631,161536,218,0.8515625000,0.8515625000,-1.7031250000,0.0703125000
632,161792,208,0.8125000000,0.8125000000,-1.6093750000,0.1210937500
633,162048,210,0.8203125000,0.8203125000,-1.6875000000,0.1054687500
634,162304,206,0.8046875000,0.8046875000,-1.6093750000,0.1171875000
635,162560,210,0.8203125000,0.8203125000,-1.5468750000,0.1171875000
636,162816,232,0.9062500000,0.9062500000,-1.7500000000,0.1210937500
637,163072,232,0.9062500000,0.9062500000,-1.7656250000,0.0468750000
638,163328,238,0.9296875000,0.9296875000,-1.7656250000,0.1367187500
639,163584,238,0.9296875000,0.9296875000,-1.7968750000,0.0468750000
640,163840,232,0.9062500000,0.9062500000,-1.7187500000,0.0664062500
641,164096,234,0.9140625000,0.9140625000,-1.7031250000,0.0507812500
642,164352,246,0.9609375000,0.9609375000,-1.8906250000,0.0703125000
643,164608,242,0.9453125000,0.9453125000,-1.8281250000,0.0312500000
644,164864,250,0.9765625000,0.9765625000,-1.9062500000,0.0468750000
645,165120,240,0.9375000000,0.9375000000,-1.7656250000,0.0664062500
646,165376,246,0.9609375000,0.9609375000,-1.8593750000,0.0585937500
647,165632,230,0.8984375000,0.8984375000,-1.6718750000,0.1015625000
648,165888,234,0.9140625000,0.9140625000,-1.7343750000,0.0781250000
649,166144,232,0.9062500000,0.9062500000,-1.7343750000,0.0976562500
650,166400,230,0.8984375000,0.8984375000,-1.7031250000,0.0742187500
651,166656,228,0.8906250000,0.8906250000,-1.6406250000,0.0976562500
652,166912,230,0.8984375000,0.8984375000,-1.7187500000,0.0976562500
653,167168,214,0.8359375000,0.8359375000,-1.5625000000,0.1171875000
654,167424,218,0.8515625000,0.8515625000,-1.6718750000,0.1171875000
655,167680,224,0.8750000000,0.8750000000,-1.5625000000,0.1054687500
656,167936,240,0.9375000000,0.9375000000,-1.7812500000,0.0859375000
657,168192,228,0.8906250000,0.8906250000,-1.6875000000,0.0546875000
658,168448,232,0.9062500000,0.9062500000,-1.7031250000,0.0859375000
659,168704,222,0.8671875000,0.8671875000,-1.6250000000,0.0898437500
660,168960,210,0.8203125000,0.8203125000,-1.5156250000,0.1406250000
661,169216,210,0.8203125000,0.8203125000,-1.4531250000,0.1484375000
662,169472,220,0.8593750000,0.8593750000,-1.5937500000,0.1289062500
663,169728,240,0.9375000000,0.9375000000,-1.7968750000,0.0937500000
664,169984,238,0.9296875000,0.9296875000,-1.7968750000,0.0585937500
665,170240,234,0.9140625000,0.9140625000,-1.7968750000,0.0625000000
666,170496,238,0.9296875000,0.9296875000,-1.7812500000,0.0703125000
667,170752,232,0.9062500000,0.9062500000,-1.7968750000,0.0742187500
668,171008,218,0.8515625000,0.8515625000,-1.6718750000,0.0976562500
669,171264,218,0.8515625000,0.8515625000,-1.6875000000,0.1015625000
670,171520,230,0.8984375000,0.8984375000,-1.7031250000,0.0937500000
671,171776,240,0.9375000000,0.9375000000,-1.8125000000,0.0898437500
672,172032,240,0.9375000000,0.9375000000,-1.7968750000,0.0937500000
673,172288,240,0.9375000000,0.9375000000,-1.7812500000,0.0781250000
674,172544,228,0.8906250000,0.8906250000,-1.7187500000,0.0859375000
675,172800,244,0.9531250000,0.9531250000,-1.8593750000,0.0312500000
676,173056,244,0.9531250000,0.9531250000,-1.8437500000,0.0390625000
677,173312,236,0.9218750000,0.9218750000,-1.7812500000,0.0625000000
678,173568,226,0.8828125000,0.8828125000,-1.7187500000,0.1054687500
679,173824,242,0.9453125000,0.9453125000,-1.8125000000,0.0859375000
680,174080,248,0.9687500000,0.9687500000,-1.8906250000,0.0429687500
681,174336,248,0.9687500000,0.9687500000,-1.9062500000,0.0468750000
682,174592,248,0.9687500000,0.9687500000,-1.8750000000,0.0781250000
683,174848,248,0.9687500000,0.9687500000,-1.8906250000,0.0546875000
684,175104,246,0.9609375000,0.9609375000,-1.8593750000,0.0429687500
685,175360,240,0.9375000000,0.9375000000,-1.7500000000,0.0585937500
686,175616,244,0.9531250000,0.9531250000,-1.8281250000,0.0546875000
687,175872,246,0.9609375000,0.9609375000,-1.8437500000,0.0742187500
688,176128,238,0.9296875000,0.9296875000,-1.7656250000,0.0703125000
689,176384,236,0.9218750000,0.9218750000,-1.7656250000,0.0585937500
690,176640,248,0.9687500000,0.9687500000,-1.8750000000,0.0781250000
691,176896,242,0.9453125000,0.9453125000,-1.7968750000,0.0585937500
692,177152,240,0.9375000000,0.9375000000,-1.7812500000,0.0585937500
693,177408,224,0.8750000000,0.8750000000,-1.6562500000,0.1093750000
694,177664,208,0.8125000000,0.8125000000,-1.4375000000,0.1562500000
695,177920,208,0.8125000000,0.8125000000,-1.5781250000,0.1250000000
696,178176,206,0.8046875000,0.8046875000,-1.5625000000,0.1210937500
697,178432,200,0.7812500000,0.7812500000,-1.5000000000,0.1835937500
698,178688,226,0.8828125000,0.8828125000,-1.6875000000,0.1445312500
699,178944,228,0.8906250000,0.8906250000,-1.7031250000,0.0820312500
700,179200,222,0.8671875000,0.8671875000,-1.6562500000,0.0507812500
701,179456,236,0.9218750000,0.9218750000,-1.7656250000,0.1367187500
702,179712,234,0.9140625000,0.9140625000,-1.7656250000,0.0664062500
703,179968,224,0.8750000000,0.8750000000,-1.6562500000,0.0429687500
704,180224,240,0.9375000000,0.9375000000,-1.7812500000,0.1015625000
705,180480,244,0.9531250000,0.9531250000,-1.8593750000,0.0781250000
706,180736,244,0.9531250000,0.9531250000,-1.8437500000,0.0390625000
707,180992,246,0.9609375000,0.9609375000,-1.8750000000,0.0976562500
708,181248,240,0.9375000000,0.9375000000,-1.8125000000,0.0664062500
709,181504,238,0.9296875000,0.9296875000,-1.7500000000,0.0898437500
710,181760,236,0.9218750000,0.9218750000,-1.7031250000,0.0820312500
711,182016,236,0.9218750000,0.9218750000,-1.7656250000,0.0781250000
712,182272,218,0.8515625000,0.8515625000,-1.6093750000,0.1210937500
713,182528,220,0.8593750000,0.8593750000,-1.6406250000,0.1367187500
714,182784,234,0.9140625000,0.9140625000,-1.7187500000,0.1445312500
715,183040,236,0.9218750000,0.9218750000,-1.7187500000,0.0820312500
716,183296,238,0.9296875000,0.9296875000,-1.7656250000,0.0664062500
717,183552,238,0.9296875000,0.9296875000,-1.7500000000,0.0781250000
718,183808,236,0.9218750000,0.9218750000,-1.7656250000,0.0742187500
719,184064,232,0.9062500000,0.9062500000,-1.6718750000,0.0781250000
720,184320,224,0.8750000000,0.8750000000,-1.6562500000,0.1015625000
721,184576,224,0.8750000000,0.8750000000,-1.6718750000,0.0937500000
722,184832,232,0.9062500000,0.9062500000,-1.7031250000,0.1171875000
723,185088,238,0.9296875000,0.9296875000,-1.7343750000,0.1132812500
724,185344,234,0.9140625000,0.9140625000,-1.7187500000,0.0859375000
725,185600,242,0.9453125000,0.9453125000,-1.8125000000,0.0781250000
726,185856,240,0.9375000000,0.9375000000,-1.7656250000,0.0742187500
727,186112,240,0.9375000000,0.9375000000,-1.7812500000,0.0468750000
728,186368,240,0.9375000000,0.9375000000,-1.7968750000,0.0625000000
729,186624,240,0.9375000000,0.9375000000,-1.8281250000,0.0468750000
730,186880,246,0.9609375000,0.9609375000,-1.8593750000,0.0507812500
731,187136,240,0.9375000000,0.9375000000,-1.7968750000,0.0664062500
732,187392,248,0.9687500000,0.9687500000,-1.9062500000,0.0859375000
733,187648,244,0.9531250000,0.9531250000,-1.8281250000,0.0468750000
734,187904,242,0.9453125000,0.9453125000,-1.8281250000,0.0507812500
735,188160,246,0.9609375000,0.9609375000,-1.8437500000,0.0781250000
736,188416,248,0.9687500000,0.9687500000,-1.9062500000,0.0507812500
737,188672,252,0.9843750000,0.9843750000,-1.9375000000,0.0390625000
738,188928,250,0.9765625000,0.9765625000,-1.9218750000,0.0273437500
739,189184,238,0.9296875000,0.9296875000,-1.7187500000,0.0625000000
740,189440,240,0.9375000000,0.9375000000,-1.8437500000,0.0664062500
741,189696,248,0.9687500000,0.9687500000,-1.8906250000,0.0468750000
742,189952,246,0.9609375000,0.9609375000,-1.8593750000,0.0507812500
743,190208,236,0.9218750000,0.9218750000,-1.7343750000,0.0429687500
744,190464,224,0.8750000000,0.8750000000,-1.6562500000,0.1250000000
745,190720,228,0.8906250000,0.8906250000,-1.6718750000,0.0781250000
746,190976,228,0.8906250000,0.8906250000,-1.7031250000,0.0703125000
747,191232,216,0.8437500000,0.8437500000,-1.6093750000,0.1171875000
748,191488,228,0.8906250000,0.8906250000,-1.7187500000,0.0703125000
749,191744,226,0.8828125000,0.8828125000,-1.7187500000,0.0898437500
750,192000,222,0.8671875000,0.8671875000,-1.5937500000,0.0546875000
751,192256,234,0.9140625000,0.9140625000,-1.6718750000,0.1250000000
752,192512,238,0.9296875000,0.9296875000,-1.7656250000,0.0468750000
753,192768,248,0.9687500000,0.9687500000,-1.8750000000,0.0507812500
754,193024,246,0.9609375000,0.9609375000,-1.8593750000,0.0585937500
755,193280,234,0.9140625000,0.9140625000,-1.7031250000,0.0937500000
756,193536,240,0.9375000000,0.9375000000,-1.8281250000,0.0742187500
757,193792,248,0.9687500000,0.9687500000,-1.9062500000,0.1015625000
758,194048,236,0.9218750000,0.9218750000,-1.7343750000,0.0781250000
759,194304,228,0.8906250000,0.8906250000,-1.7187500000,0.1171875000
760,194560,228,0.8906250000,0.8906250000,-1.6875000000,0.0859375000
761,194816,244,0.9531250000,0.9531250000,-1.8437500000,0.0781250000
762,195072,236,0.9218750000,0.9218750000,-1.7031250000,0.0468750000
763,195328,240,0.9375000000,0.9375000000,-1.7500000000,0.0625000000
764,195584,236,0.9218750000,0.9218750000,-1.7500000000,0.0703125000
765,195840,220,0.8593750000,0.8593750000,-1.6406250000,0.0781250000
766,196096,228,0.8906250000,0.8906250000,-1.6406250000,0.1093750000
767,196352,238,0.9296875000,0.9296875000,-1.7968750000,0.0976562500
768,196608,236,0.9218750000,0.9218750000,-1.7500000000,0.0585937500
769,196864,242,0.9453125000,0.9453125000,-1.8125000000,0.0742187500
770,197120,228,0.8906250000,0.8906250000,-1.6718750000,0.0664062500
771,197376,226,0.8828125000,0.8828125000,-1.7187500000,0.1210937500
772,197632,230,0.8984375000,0.8984375000,-1.6875000000,0.0625000000
773,197888,230,0.8984375000,0.8984375000,-1.6875000000,0.1171875000
774,198144,230,0.8984375000,0.8984375000,-1.6562500000,0.1171875000
775,198400,232,0.9062500000,0.9062500000,-1.7031250000,0.1210937500
776,198656,230,0.8984375000,0.8984375000,-1.6718750000,0.0976562500
777,198912,240,0.9375000000,0.9375000000,-1.7968750000,0.0976562500
778,199168,242,0.9453125000,0.9453125000,-1.8281250000,0.0429687500
779,199424,232,0.9062500000,0.9062500000,-1.6562500000,0.0742187500
780,199680,230,0.8984375000,0.8984375000,-1.6875000000,0.0976562500
781,199936,224,0.8750000000,0.8750000000,-1.6250000000,0.1054687500
782,200192,232,0.9062500000,0.9062500000,-1.6875000000,0.1171875000
783,200448,234,0.9140625000,0.9140625000,-1.7500000000,0.0742187500
784,200704,224,0.8750000000,0.8750000000,-1.6718750000,0.1210937500
785,200960,208,0.8125000000,0.8125000000,-1.6562500000,0.1015625000
786,201216,206,0.8046875000,0.8046875000,-1.6250000000,0.1054687500
787,201472,212,0.8281250000,0.8281250000,-1.6406250000,0.1289062500
788,201728,198,0.7734375000,0.7734375000,-1.5312500000,0.1210937500
789,201984,214,0.8359375000,0.8359375000,-1.6250000000,0.1015625000
790,202240,212,0.8281250000,0.8281250000,-1.5781250000,0.1289062500
791,202496,196,0.7656250000,0.7656250000,-1.3125000000,0.1250000000
792,202752,196,0.7656250000,0.7656250000,-1.3593750000,0.2109375000
793,203008,198,0.7734375000,0.7734375000,-1.5156250000,0.1835937500
794,203264,210,0.8203125000,0.8203125000,-1.6250000000,0.1406250000
795,203520,220,0.8593750000,0.8593750000,-1.7187500000,0.0898437500
796,203776,192,0.7500000000,0.7500000000,-1.4843750000,0.1796875000
797,204032,204,0.7968750000,0.7968750000,-1.5156250000,0.1250000000
798,204288,212,0.8281250000,0.8281250000,-1.6093750000,0.1328125000
799,204544,214,0.8359375000,0.8359375000,-1.6875000000,0.1054687500
800,204800,214,0.8359375000,0.8359375000,-1.5000000000,0.1718750000
